state,total_estate_area,number_of_estates,avg_cost_per_ha,avg_ph,avg_n,avg_oc,avg_p,avg_mg,avg_ca,avg_k,avg_temp,avg_wind_speed,avg_humidity,avg_cloud
Akwa Ibom,1712,6,"83,620,689.66",4.763269231,0.1015974231,1.696313808,28.98851637,87.52290462,315.3153692,44.23845433,30.55749873,2.565620253,63.67620253,72.29037975
Cross River,45346,5,"83,620,689.66",5.706,0.06842426667,0.7269006,3.08004916,120.2538896,561.2796667,80.37328227,30.55749873,2.565620253,63.67620253,72.29037975
Delta,11493,2,"148,715,733.06",4.763269231,0.1015974231,1.696313808,28.98851637,87.52290462,315.3153692,44.23845433,30.55749873,2.565620253,63.67620253,72.29037975
Edo,91122,8,"32,138,590.20",6.267221494,0.1415842123,1.189775315,7.438454874,129.1397284,1042.238396,126.0902647,31.24308807,1.864942401,39.67372724,71.39056113
Imo,4352.1406,2,"148,715,733.06",4.880882353,0.06786177941,0.8146038824,17.43495622,45.18443294,181.6165382,47.68802175,31.58510034,2.212750857,48.78805678,77.32697014
Ondo,15974,2,"118,518,518.52",5.055848435,0.1560394217,1.616783509,7.14030402,102.4181666,603.3560603,85.13292857,30.285931,2.91888828,67.00164294,86.67579409